<?xml version="1.0" encoding="UTF-8"?>
<beans xmlns="http://www.springframework.org/schema/beans"
	xmlns:xsi="http://www.w3.org/2001/XMLSchema-instance" xmlns:context="http://www.springframework.org/schema/context"
xmlns:p="http://www.springframework.org/schema/p"
	xsi:schemaLocation="http://www.springframework.org/schema/beans http://www.springframework.org/schema/beans/spring-beans-3.0.xsd
	http://www.springframework.org/schema/context http://www.springframework.org/schema/context/spring-context-3.0.xsd">
	 <context:annotation-config/>
	 
	 <bean id="message" class="com.yash.assignment.question3.ConstructorMessage">
   		 <constructor-arg value="Welcome to Yash Tech"></constructor-arg>
	 </bean>
	 
	  <bean id="msg" class="com.yash.assignment.question4.SetterMessage">
   		<property name="message" value="Manali sawant"></property>
	 </bean>
	 
	<bean id="objemp" class="com.yash.assignment.question5.Emp" factory-method="getEmp"></bean>
	<bean id="empfact" class="com.yash.assignment.question5.EmployeeFactory" factory-method="getEmployeeObj"></bean>
	<bean id="bef" class="com.yash.assignment.question5.BaseEmployeeFactory"></bean>
	<bean id="empbfactory" class="com.yash.assignment.question5.BaseEmployeeFactory" factory-method="getEmployee" factory-bean="bef"></bean>
	
	<bean id="shape" class="com.yash.assignment.question2.ShapeFactory"></bean>
	<bean id="rectangle" class ="com.yash.assignment.question2.Rectangle" factory-method="getRectangle" factory-bean="shape">
	</bean>
	
	<bean id="movie1" class="com.yash.assignment.question1.Movie">
	<constructor-arg value="Vikram Vedha"></constructor-arg></bean>
<!-- 	<property name="movieName" value="Vikram Vedha"></property> -->
		<bean id="movie2" class="com.yash.assignment.question1.Movie">
	<constructor-arg value="Rakshabandhan"></constructor-arg>
<!-- 	<property name="movieName" value="Rakshabandhan"></property> -->
	</bean>
	<bean id="movie3" class="com.yash.assignment.question1.Movie">
	<constructor-arg value="RRR"></constructor-arg>
<!-- 	<property name="movieName" value="RRR"></property> -->
	
	</bean>
	<bean id="cinemahall1" class="com.yash.assignment.question1.CinemaHall" autowire="constructor">
	<constructor-arg value="Amenora"></constructor-arg>
	<constructor-arg ref="movie1"></constructor-arg>
	<constructor-arg value ="11AM to 2PM"></constructor-arg>
	</bean>
	<bean id="cinemahall2" class="com.yash.assignment.question1.CinemaHall">
	<constructor-arg value="INOX" ></constructor-arg>
	<constructor-arg ref="movie2"></constructor-arg>
	<constructor-arg value ="2PM to 6PM"></constructor-arg>
	</bean>
	<bean id="cinemahall3" class="com.yash.assignment.question1.CinemaHall">
	<constructor-arg value="Carnival"></constructor-arg>
	<constructor-arg ref="movie3"></constructor-arg>
	<constructor-arg value ="6PM to 9PM"></constructor-arg>
	</bean>
	
	<bean id="city1" class="com.yash.assignment.question1.City" autowire="constructor">
	<constructor-arg value="Pune" ></constructor-arg>
	<constructor-arg ref="cinemahall1"></constructor-arg>
	</bean>
	<bean id="city2" class="com.yash.assignment.question1.City">
	<constructor-arg value="Mumbai"></constructor-arg>
	<constructor-arg ref="cinemahall2"></constructor-arg>
	</bean>
	<bean id="city3" class="com.yash.assignment.question1.City">
	<constructor-arg value="Benglore"></constructor-arg>
	<constructor-arg ref="cinemahall3"></constructor-arg>
	</bean>
	
	<bean id="engine1" class="com.yash.assignment.question6.Engine">
	<constructor-arg value="four-stroke internal combustion engines"></constructor-arg>
	<constructor-arg value="55000 pounds"></constructor-arg>
	<constructor-arg value="Two cylinder Engines"></constructor-arg>
<!-- 	<property name="engineType" value="four-stroke internal combustion engines"></property> -->
<!-- 	<property name="enginePower" value="55000 pounds"></property> -->
<!-- 	<property name="engineName" value="Two cylinder Engines"></property> -->
	</bean>
	<bean id="vehicle1" class="com.yash.assignment.question6.Vehicle" autowire="constructor"> 
	<constructor-arg value="BMW"></constructor-arg>
	<constructor-arg value="Bike"></constructor-arg>
	<constructor-arg ref="engine1"></constructor-arg>
	<constructor-arg value="83kmpl"></constructor-arg>
	<constructor-arg value="200000"></constructor-arg>
	</bean>
	 </beans>